{
  "AEGIS": {
    "UNKNOWN": {
      "alpha": 257.7772948858153,
      "beta": 33.02787182653163,
      "n": 670
    },
    "RISK_ON": {
      "alpha": 1.0,
      "beta": 1.0,
      "n": 0
    }
  },
  "FORGE": {
    "UNKNOWN": {
      "alpha": 38.78805008313477,
      "beta": 31.261454482913358,
      "n": 76
    },
    "RISK_ON": {
      "alpha": 1.0,
      "beta": 1.0,
      "n": 0
    }
  },
  "THUNDERHEAD": {
    "UNKNOWN": {
      "alpha": 1.9733217421754432,
      "beta": 23.21661076619243,
      "n": 24
    },
    "RISK_ON": {
      "alpha": 1.0,
      "beta": 1.0,
      "n": 0
    }
  },
  "SYNTH": {
    "UNKNOWN": {
      "alpha": 1.0,
      "beta": 44.02732279839295,
      "n": 46
    },
    "RISK_ON": {
      "alpha": 1.0,
      "beta": 1.0,
      "n": 0
    }
  },
  "KESTREL+": {
    "UNKNOWN": {
      "alpha": 199.88093307725754,
      "beta": 11.405524726357418,
      "n": 329
    },
    "RISK_ON": {
      "alpha": 1.0,
      "beta": 1.0,
      "n": 0
    }
  },
  "ZENITH": {
    "UNKNOWN": {
      "alpha": 1.7382628067611627,
      "beta": 91.17670076650097,
      "n": 106
    },
    "RISK_ON": {
      "alpha": 1.0,
      "beta": 1.0,
      "n": 0
    }
  },
  "SPECK": {
    "UNKNOWN": {
      "alpha": 12.324499552548602,
      "beta": 116.89645521416561,
      "n": 160
    },
    "RISK_ON": {
      "alpha": 1.0,
      "beta": 1.0,
      "n": 0
    }
  },
  "WEAVER": {
    "UNKNOWN": {
      "alpha": 8.349320204331406,
      "beta": 88.18016661689262,
      "n": 111
    },
    "RISK_ON": {
      "alpha": 1.0,
      "beta": 1.0,
      "n": 0
    }
  },
  "VEIL": {
    "UNKNOWN": {
      "alpha": 1.9445131481500655,
      "beta": 22.312189468066467,
      "n": 23
    },
    "RISK_ON": {
      "alpha": 1.0,
      "beta": 1.0,
      "n": 0
    }
  },
  "VESPA": {
    "UNKNOWN": {
      "alpha": 77.03718411065681,
      "beta": 12.208546968955357,
      "n": 101
    },
    "RISK_ON": {
      "alpha": 1.0,
      "beta": 1.0,
      "n": 0
    }
  },
  "CICADA": {
    "UNKNOWN": {
      "alpha": 108.77996047383594,
      "beta": 1.0,
      "n": 130
    },
    "RISK_ON": {
      "alpha": 1.0,
      "beta": 1.0,
      "n": 0
    }
  },
  "OBSIDIAN": {
    "UNKNOWN": {
      "alpha": 63.29055029093723,
      "beta": 23.727036893959877,
      "n": 98
    },
    "RISK_ON": {
      "alpha": 1.0,
      "beta": 1.0,
      "n": 0
    }
  },
  "MAGUS": {
    "UNKNOWN": {
      "alpha": 1.0,
      "beta": 10.866074350361057,
      "n": 10
    },
    "RISK_ON": {
      "alpha": 1.0,
      "beta": 1.0,
      "n": 0
    }
  },
  "TALON": {
    "UNKNOWN": {
      "alpha": 1.0,
      "beta": 10.866074350361057,
      "n": 10
    },
    "RISK_ON": {
      "alpha": 1.0,
      "beta": 1.0,
      "n": 0
    }
  },
  "ATLAS": {
    "UNKNOWN": {
      "alpha": 1.0,
      "beta": 8.916502114529202,
      "n": 8
    },
    "RISK_ON": {
      "alpha": 1.0,
      "beta": 1.0,
      "n": 0
    }
  },
  "KESTREL": {
    "UNKNOWN": {
      "alpha": 1.9733217421754432,
      "beta": 14.715736644856019,
      "n": 15
    },
    "RISK_ON": {
      "alpha": 1.0,
      "beta": 1.0,
      "n": 0
    }
  },
  "STEADFAST": {
    "UNKNOWN": {
      "alpha": 54.28073139557336,
      "beta": 26.6960123514094,
      "n": 90
    },
    "RISK_ON": {
      "alpha": 1.0,
      "beta": 1.0,
      "n": 0
    }
  },
  "HEX": {
    "UNKNOWN": {
      "alpha": 6.598089132882798,
      "beta": 53.712331525182115,
      "n": 64
    },
    "RISK_ON": {
      "alpha": 1.0,
      "beta": 1.0,
      "n": 0
    }
  },
  "BARON": {
    "UNKNOWN": {
      "alpha": 43.035255278591755,
      "beta": 5.460094451185949,
      "n": 50
    },
    "RISK_ON": {
      "alpha": 1.0,
      "beta": 1.0,
      "n": 0
    }
  },
  "SHEPHERD": {
    "UNKNOWN": {
      "alpha": 16.644991211870366,
      "beta": 1.0,
      "n": 16
    },
    "RISK_ON": {
      "alpha": 1.0,
      "beta": 1.0,
      "n": 0
    }
  },
  "JADE": {
    "UNKNOWN": {
      "alpha": 1.0,
      "beta": 3.991009,
      "n": 3
    },
    "RISK_ON": {
      "alpha": 1.0,
      "beta": 1.0,
      "n": 0
    }
  }
}