{
  "AEGIS": {
    "UNKNOWN": {
      "alpha": 188.6633964395861,
      "beta": 24.83922563014409,
      "n": 335
    }
  },
  "FORGE": {
    "UNKNOWN": {
      "alpha": 20.983826624663934,
      "beta": 16.981144365886855,
      "n": 38
    }
  },
  "THUNDERHEAD": {
    "UNKNOWN": {
      "alpha": 1.994009,
      "beta": 16.604047238234756,
      "n": 17
    }
  },
  "SYNTH": {
    "UNKNOWN": {
      "alpha": 1.0,
      "beta": 24.18993250836788,
      "n": 24
    }
  },
  "KESTREL+": {
    "UNKNOWN": {
      "alpha": 125.36802238909749,
      "beta": 8.14253128088658,
      "n": 167
    }
  },
  "ZENITH": {
    "UNKNOWN": {
      "alpha": 1.8683052775100066,
      "beta": 48.345490812036616,
      "n": 52
    }
  },
  "SPECK": {
    "UNKNOWN": {
      "alpha": 12.849941563316266,
      "beta": 61.93900153499365,
      "n": 82
    }
  },
  "WEAVER": {
    "UNKNOWN": {
      "alpha": 7.413693744259399,
      "beta": 43.65546095701857,
      "n": 53
    }
  },
  "VEIL": {
    "UNKNOWN": {
      "alpha": 1.9762504936564125,
      "beta": 11.827716205271633,
      "n": 12
    }
  },
  "VESPA": {
    "UNKNOWN": {
      "alpha": 43.7771499400819,
      "beta": 10.687855316640489,
      "n": 57
    }
  },
  "CICADA": {
    "UNKNOWN": {
      "alpha": 69.84535605234996,
      "beta": 1.0,
      "n": 77
    }
  },
  "OBSIDIAN": {
    "UNKNOWN": {
      "alpha": 34.91694719410978,
      "beta": 12.715299275075484,
      "n": 49
    }
  },
  "MAGUS": {
    "UNKNOWN": {
      "alpha": 1.0,
      "beta": 5.970089865081,
      "n": 5
    }
  },
  "TALON": {
    "UNKNOWN": {
      "alpha": 1.0,
      "beta": 5.970089865081,
      "n": 5
    }
  },
  "ATLAS": {
    "UNKNOWN": {
      "alpha": 1.0,
      "beta": 4.982035973,
      "n": 4
    }
  },
  "KESTREL": {
    "UNKNOWN": {
      "alpha": 1.994009,
      "beta": 7.9224931145292015,
      "n": 8
    }
  },
  "STEADFAST": {
    "UNKNOWN": {
      "alpha": 30.97112433356958,
      "beta": 13.182659817275912,
      "n": 45
    }
  },
  "HEX": {
    "UNKNOWN": {
      "alpha": 2.8442960350590276,
      "beta": 33.328403598999415,
      "n": 36
    }
  },
  "BARON": {
    "UNKNOWN": {
      "alpha": 21.32749158667092,
      "beta": 4.7928711241718585,
      "n": 25
    }
  },
  "SHEPHERD": {
    "UNKNOWN": {
      "alpha": 8.916502114529202,
      "beta": 1.0,
      "n": 8
    }
  },
  "JADE": {
    "UNKNOWN": {
      "alpha": 1.0,
      "beta": 2.0,
      "n": 1
    }
  }
}