{
  "AEGIS": {
    "UNKNOWN": {
      "alpha": 283.5525475469436,
      "beta": 44.84752064129282,
      "n": 1289
    },
    "RISK_ON": {
      "alpha": 1.0,
      "beta": 1.0,
      "n": 0
    }
  },
  "FORGE": {
    "UNKNOWN": {
      "alpha": 69.93521304859314,
      "beta": 54.27159086844926,
      "n": 152
    },
    "RISK_ON": {
      "alpha": 1.0,
      "beta": 1.0,
      "n": 0
    }
  },
  "THUNDERHEAD": {
    "UNKNOWN": {
      "alpha": 1.9276389118674717,
      "beta": 37.818865937478925,
      "n": 40
    },
    "RISK_ON": {
      "alpha": 1.0,
      "beta": 1.0,
      "n": 0
    }
  },
  "SYNTH": {
    "UNKNOWN": {
      "alpha": 1.0,
      "beta": 79.21137788062465,
      "n": 89
    },
    "RISK_ON": {
      "alpha": 1.0,
      "beta": 1.0,
      "n": 0
    }
  },
  "KESTREL+": {
    "UNKNOWN": {
      "alpha": 263.3449968537835,
      "beta": 21.013869870655764,
      "n": 625
    },
    "RISK_ON": {
      "alpha": 1.0,
      "beta": 1.0,
      "n": 0
    }
  },
  "ZENITH": {
    "UNKNOWN": {
      "alpha": 1.5369053982086074,
      "beta": 157.4964299437328,
      "n": 212
    },
    "RISK_ON": {
      "alpha": 1.0,
      "beta": 1.0,
      "n": 0
    }
  },
  "SPECK": {
    "UNKNOWN": {
      "alpha": 13.964665029963857,
      "beta": 186.83946960385668,
      "n": 302
    },
    "RISK_ON": {
      "alpha": 1.0,
      "beta": 1.0,
      "n": 0
    }
  },
  "WEAVER": {
    "UNKNOWN": {
      "alpha": 11.841583335447849,
      "beta": 149.82043250618602,
      "n": 217
    },
    "RISK_ON": {
      "alpha": 1.0,
      "beta": 1.0,
      "n": 0
    }
  },
  "VEIL": {
    "UNKNOWN": {
      "alpha": 1.8921050870283476,
      "beta": 39.62526045176561,
      "n": 42
    },
    "RISK_ON": {
      "alpha": 1.0,
      "beta": 1.0,
      "n": 0
    }
  },
  "VESPA": {
    "UNKNOWN": {
      "alpha": 128.54893448214207,
      "beta": 18.437347952278046,
      "n": 190
    },
    "RISK_ON": {
      "alpha": 1.0,
      "beta": 1.0,
      "n": 0
    }
  },
  "CICADA": {
    "UNKNOWN": {
      "alpha": 166.3079710996257,
      "beta": 1.0,
      "n": 228
    },
    "RISK_ON": {
      "alpha": 1.0,
      "beta": 1.0,
      "n": 0
    }
  },
  "OBSIDIAN": {
    "UNKNOWN": {
      "alpha": 109.91253911120593,
      "beta": 40.438664866363546,
      "n": 196
    },
    "RISK_ON": {
      "alpha": 1.0,
      "beta": 1.0,
      "n": 0
    }
  },
  "MAGUS": {
    "UNKNOWN": {
      "alpha": 1.0,
      "beta": 20.440130431461554,
      "n": 20
    },
    "RISK_ON": {
      "alpha": 1.0,
      "beta": 1.0,
      "n": 0
    }
  },
  "TALON": {
    "UNKNOWN": {
      "alpha": 1.0,
      "beta": 20.440130431461554,
      "n": 20
    },
    "RISK_ON": {
      "alpha": 1.0,
      "beta": 1.0,
      "n": 0
    }
  },
  "ATLAS": {
    "UNKNOWN": {
      "alpha": 1.0,
      "beta": 16.644991211870366,
      "n": 16
    },
    "RISK_ON": {
      "alpha": 1.0,
      "beta": 1.0,
      "n": 0
    }
  },
  "KESTREL": {
    "UNKNOWN": {
      "alpha": 1.9388545698794986,
      "beta": 26.034003047962614,
      "n": 27
    },
    "RISK_ON": {
      "alpha": 1.0,
      "beta": 1.0,
      "n": 0
    }
  },
  "STEADFAST": {
    "UNKNOWN": {
      "alpha": 93.54889582261795,
      "beta": 47.69261351271788,
      "n": 180
    },
    "RISK_ON": {
      "alpha": 1.0,
      "beta": 1.0,
      "n": 0
    }
  },
  "HEX": {
    "UNKNOWN": {
      "alpha": 9.676621002097226,
      "beta": 88.28353966358088,
      "n": 113
    },
    "RISK_ON": {
      "alpha": 1.0,
      "beta": 1.0,
      "n": 0
    }
  },
  "BARON": {
    "UNKNOWN": {
      "alpha": 81.85205506664059,
      "beta": 6.653191753431828,
      "n": 100
    },
    "RISK_ON": {
      "alpha": 1.0,
      "beta": 1.0,
      "n": 0
    }
  },
  "SHEPHERD": {
    "UNKNOWN": {
      "alpha": 31.555685173682225,
      "beta": 1.0,
      "n": 32
    },
    "RISK_ON": {
      "alpha": 1.0,
      "beta": 1.0,
      "n": 0
    }
  },
  "JADE": {
    "UNKNOWN": {
      "alpha": 1.0,
      "beta": 7.937314056699299,
      "n": 7
    },
    "RISK_ON": {
      "alpha": 1.0,
      "beta": 1.0,
      "n": 0
    }
  }
}