{
  "AEGIS": {
    "UNKNOWN": {
      "alpha": 278.6648677245544,
      "beta": 55.84221861252806,
      "n": 1997
    },
    "RISK_ON": {
      "alpha": 1.0,
      "beta": 1.0,
      "n": 0
    }
  },
  "FORGE": {
    "UNKNOWN": {
      "alpha": 107.26989896832437,
      "beta": 69.83737700415185,
      "n": 248
    },
    "RISK_ON": {
      "alpha": 1.0,
      "beta": 1.0,
      "n": 0
    }
  },
  "THUNDERHEAD": {
    "UNKNOWN": {
      "alpha": 10.652943216994963,
      "beta": 54.570909954634395,
      "n": 70
    },
    "RISK_ON": {
      "alpha": 1.0,
      "beta": 1.0,
      "n": 0
    }
  },
  "SYNTH": {
    "UNKNOWN": {
      "alpha": 17.5086144979405,
      "beta": 4.873195542226671,
      "n": 21
    },
    "RISK_ON": {
      "alpha": 1.0,
      "beta": 1.0,
      "n": 0
    }
  },
  "KESTREL+": {
    "UNKNOWN": {
      "alpha": 284.01373727280776,
      "beta": 32.96661924311299,
      "n": 965
    },
    "RISK_ON": {
      "alpha": 1.0,
      "beta": 1.0,
      "n": 0
    }
  },
  "ZENITH": {
    "UNKNOWN": {
      "alpha": 31.226439017409383,
      "beta": 21.545742378053212,
      "n": 55
    },
    "RISK_ON": {
      "alpha": 1.0,
      "beta": 1.0,
      "n": 0
    }
  },
  "SPECK": {
    "UNKNOWN": {
      "alpha": 62.470889403746824,
      "beta": 202.34840478332012,
      "n": 517
    },
    "RISK_ON": {
      "alpha": 1.0,
      "beta": 1.0,
      "n": 0
    }
  },
  "WEAVER": {
    "UNKNOWN": {
      "alpha": 67.55884868937287,
      "beta": 164.8104279308435,
      "n": 391
    },
    "RISK_ON": {
      "alpha": 1.0,
      "beta": 1.0,
      "n": 0
    }
  },
  "VEIL": {
    "UNKNOWN": {
      "alpha": 6.937314056699299,
      "beta": 2.0,
      "n": 7
    },
    "RISK_ON": {
      "alpha": 1.0,
      "beta": 1.0,
      "n": 0
    }
  },
  "VESPA": {
    "UNKNOWN": {
      "alpha": 162.45332298532844,
      "beta": 33.41198382662124,
      "n": 290
    },
    "RISK_ON": {
      "alpha": 1.0,
      "beta": 1.0,
      "n": 0
    }
  },
  "CICADA": {
    "UNKNOWN": {
      "alpha": 1.0,
      "beta": 1.0,
      "n": 0
    },
    "RISK_ON": {
      "alpha": 1.0,
      "beta": 1.0,
      "n": 0
    }
  },
  "OBSIDIAN": {
    "UNKNOWN": {
      "alpha": 147.2917598068841,
      "beta": 53.915962423035076,
      "n": 303
    },
    "RISK_ON": {
      "alpha": 1.0,
      "beta": 1.0,
      "n": 0
    }
  },
  "MAGUS": {
    "UNKNOWN": {
      "alpha": 1.0,
      "beta": 25.120362710842773,
      "n": 25
    },
    "RISK_ON": {
      "alpha": 1.0,
      "beta": 1.0,
      "n": 0
    }
  },
  "TALON": {
    "UNKNOWN": {
      "alpha": 5.970089865081,
      "beta": 1.0,
      "n": 5
    },
    "RISK_ON": {
      "alpha": 1.0,
      "beta": 1.0,
      "n": 0
    }
  },
  "ATLAS": {
    "UNKNOWN": {
      "alpha": 4.982035973,
      "beta": 23.912903071988588,
      "n": 28
    },
    "RISK_ON": {
      "alpha": 1.0,
      "beta": 1.0,
      "n": 0
    }
  },
  "KESTREL": {
    "UNKNOWN": {
      "alpha": 4.798150040071482,
      "beta": 40.22917275832146,
      "n": 46
    },
    "RISK_ON": {
      "alpha": 1.0,
      "beta": 1.0,
      "n": 0
    }
  },
  "STEADFAST": {
    "UNKNOWN": {
      "alpha": 129.16868138175192,
      "beta": 65.85603651511802,
      "n": 288
    },
    "RISK_ON": {
      "alpha": 1.0,
      "beta": 1.0,
      "n": 0
    }
  },
  "HEX": {
    "UNKNOWN": {
      "alpha": 13.357414076657665,
      "beta": 18.287204954116888,
      "n": 31
    },
    "RISK_ON": {
      "alpha": 1.0,
      "beta": 1.0,
      "n": 0
    }
  },
  "BARON": {
    "UNKNOWN": {
      "alpha": 1.0,
      "beta": 5.970089865081,
      "n": 5
    },
    "RISK_ON": {
      "alpha": 1.0,
      "beta": 1.0,
      "n": 0
    }
  },
  "SHEPHERD": {
    "UNKNOWN": {
      "alpha": 1.0,
      "beta": 1.0,
      "n": 0
    },
    "RISK_ON": {
      "alpha": 1.0,
      "beta": 1.0,
      "n": 0
    }
  },
  "JADE": {
    "UNKNOWN": {
      "alpha": 2.997,
      "beta": 11.771554798831259,
      "n": 13
    },
    "RISK_ON": {
      "alpha": 1.0,
      "beta": 1.0,
      "n": 0
    }
  }
}