{
  "AEGIS": {
    "UNKNOWN": {
      "alpha": 293.3806086817986,
      "beta": 41.026547894709694,
      "n": 1959
    },
    "RISK_ON": {
      "alpha": 1.0,
      "beta": 1.0,
      "n": 0
    }
  },
  "FORGE": {
    "UNKNOWN": {
      "alpha": 97.36087312280367,
      "beta": 69.94709797682204,
      "n": 228
    },
    "RISK_ON": {
      "alpha": 1.0,
      "beta": 1.0,
      "n": 0
    }
  },
  "THUNDERHEAD": {
    "UNKNOWN": {
      "alpha": 3.8204902674366767,
      "beta": 53.999798347518,
      "n": 61
    },
    "RISK_ON": {
      "alpha": 1.0,
      "beta": 1.0,
      "n": 0
    }
  },
  "SYNTH": {
    "UNKNOWN": {
      "alpha": 1.0,
      "beta": 1.0,
      "n": 0
    },
    "RISK_ON": {
      "alpha": 1.0,
      "beta": 1.0,
      "n": 0
    }
  },
  "KESTREL+": {
    "UNKNOWN": {
      "alpha": 284.7134646394628,
      "beta": 32.156276495598114,
      "n": 963
    },
    "RISK_ON": {
      "alpha": 1.0,
      "beta": 1.0,
      "n": 0
    }
  },
  "ZENITH": {
    "UNKNOWN": {
      "alpha": 1.0,
      "beta": 1.0,
      "n": 0
    },
    "RISK_ON": {
      "alpha": 1.0,
      "beta": 1.0,
      "n": 0
    }
  },
  "SPECK": {
    "UNKNOWN": {
      "alpha": 22.953695610984667,
      "beta": 221.89445816444052,
      "n": 434
    },
    "RISK_ON": {
      "alpha": 1.0,
      "beta": 1.0,
      "n": 0
    }
  },
  "WEAVER": {
    "UNKNOWN": {
      "alpha": 22.7834505352639,
      "beta": 188.5030072683512,
      "n": 329
    },
    "RISK_ON": {
      "alpha": 1.0,
      "beta": 1.0,
      "n": 0
    }
  },
  "VEIL": {
    "UNKNOWN": {
      "alpha": 1.0,
      "beta": 1.0,
      "n": 0
    },
    "RISK_ON": {
      "alpha": 1.0,
      "beta": 1.0,
      "n": 0
    }
  },
  "VESPA": {
    "UNKNOWN": {
      "alpha": 162.27736106463203,
      "beta": 28.467803976580036,
      "n": 278
    },
    "RISK_ON": {
      "alpha": 1.0,
      "beta": 1.0,
      "n": 0
    }
  },
  "CICADA": {
    "UNKNOWN": {
      "alpha": 1.0,
      "beta": 1.0,
      "n": 0
    },
    "RISK_ON": {
      "alpha": 1.0,
      "beta": 1.0,
      "n": 0
    }
  },
  "OBSIDIAN": {
    "UNKNOWN": {
      "alpha": 147.23785286564404,
      "beta": 50.2935540423801,
      "n": 294
    },
    "RISK_ON": {
      "alpha": 1.0,
      "beta": 1.0,
      "n": 0
    }
  },
  "MAGUS": {
    "UNKNOWN": {
      "alpha": 1.0,
      "beta": 20.440130431461554,
      "n": 20
    },
    "RISK_ON": {
      "alpha": 1.0,
      "beta": 1.0,
      "n": 0
    }
  },
  "TALON": {
    "UNKNOWN": {
      "alpha": 1.0,
      "beta": 1.0,
      "n": 0
    },
    "RISK_ON": {
      "alpha": 1.0,
      "beta": 1.0,
      "n": 0
    }
  },
  "ATLAS": {
    "UNKNOWN": {
      "alpha": 1.0,
      "beta": 24.18993250836788,
      "n": 24
    },
    "RISK_ON": {
      "alpha": 1.0,
      "beta": 1.0,
      "n": 0
    }
  },
  "KESTREL": {
    "UNKNOWN": {
      "alpha": 4.855638651832139,
      "beta": 35.77762668296621,
      "n": 41
    },
    "RISK_ON": {
      "alpha": 1.0,
      "beta": 1.0,
      "n": 0
    }
  },
  "STEADFAST": {
    "UNKNOWN": {
      "alpha": 121.90844056617784,
      "beta": 65.31928951098098,
      "n": 270
    },
    "RISK_ON": {
      "alpha": 1.0,
      "beta": 1.0,
      "n": 0
    }
  },
  "HEX": {
    "UNKNOWN": {
      "alpha": 1.0,
      "beta": 1.0,
      "n": 0
    },
    "RISK_ON": {
      "alpha": 1.0,
      "beta": 1.0,
      "n": 0
    }
  },
  "BARON": {
    "UNKNOWN": {
      "alpha": 1.0,
      "beta": 1.0,
      "n": 0
    },
    "RISK_ON": {
      "alpha": 1.0,
      "beta": 1.0,
      "n": 0
    }
  },
  "SHEPHERD": {
    "UNKNOWN": {
      "alpha": 1.0,
      "beta": 1.0,
      "n": 0
    },
    "RISK_ON": {
      "alpha": 1.0,
      "beta": 1.0,
      "n": 0
    }
  },
  "JADE": {
    "UNKNOWN": {
      "alpha": 1.0,
      "beta": 11.836476127309973,
      "n": 11
    },
    "RISK_ON": {
      "alpha": 1.0,
      "beta": 1.0,
      "n": 0
    }
  }
}